Malicious,Package Repository,Package Name,Number of Words in source code,Number of lines in source code,plus ratio mean,plus ratio max,plus ratio std,plus ratio q3,eq ratio mean,eq ratio max,eq ratio std,eq ratio q3,bracket ratio mean,bracket ratio max,bracket ratio std,bracket ratio q3,Number of base64 chunks in source code,Number of IP adress in source code,Number of sospicious token in source code,Number of Words in metadata,Number of lines in metadata,Number of base64 chunks in metadata,Number of IP adress in metadata,Number of sospicious token in metadata,.bat,.bz2,.c,.cert,.conf,.cpp,.crt,.css,.csv,.deb,.erb,.gemspec,.gif,.gz,.h,.html,.ico,.ini,.jar,.java,.jpg,.js,.json,.key,.m4v,.markdown,.md,.pdf,.pem,.png,.ps,.py,.rb,.rpm,.rst,.sh,.svg,.toml,.ttf,.txt,.xml,.yaml,.yml,.eot,.exe,.jpeg,.properties,.sql,.swf,.tar,.woff,.woff2,.aac,.bmp,.cfg,.dcm,.dll,.doc,.flac,.flv,.ipynb,.m4a,.mid,.mkv,.mp3,.mp4,.mpg,.ogg,.otf,.pickle,.pkl,.psd,.pxd,.pxi,.pyc,.pyx,.r,.rtf,.so,.sqlite,.tif,.tp,.wav,.webp,.whl,.xcf,.xz,.zip,.mov,.wasm,.webm,presence of installation script,shannon mean ID source code,shannon std ID source code,shannon max ID source code,shannon q3 ID source code,shannon mean string source code,shannon std string source code,shannon max string source code,shannon q3 string source code,homogeneous identifiers in source code,homogeneous strings in source code,heteregeneous identifiers in source code,heterogeneous strings in source code,URLs in source code,shannon mean ID metadata,shannon std ID metadata,shannon max ID metadata,shannon q3 ID metadata,shannon mean string metadata,shannon std string metadata,shannon max string metadata,shannon q3 string metadata,homogeneous identifiers in metadata,homogeneous strings in metadata,heterogeneous strings in metadata,URLs in metadata,heteregeneous identifiers in metadata,contacted_external_domain,sensitive_file_read,dns_query_to_external,http_method,domain_is_known_malicious,yara_credential_theft_indicators,yara_exfiltration_indicators,yara_shell_execution_indicators,yara_command_execution_indicators,yara_obfuscation_indicators,yara_persistence_indicators,yara_install_hook_indicators,yara_suspicious_imports_indicators,semgrep_has_exec_call,semgrep_has_subprocess,semgrep_has_network_request,semgrep_has_secret_access,proc_privilege_escalation,proc_write_binary_dir,proc_ptrace_detected,proc_package_install_runtime,ebpf_accessed_root,ebpf_accessed_ssh,ebpf_accessed_etc,ebpf_privilege_escalation,ebpf_network_activity,ebpf_spawned_process,ebpf_c2_port_suspected,c2_port_4444,c2_port_1337,c2_port_6667,c2_port_31337,c2_port_9001,c2_port_8080,c2_port_2323,c2_port_1234
1,NPM,config-runtime-sync-1.1.1,589,157,0.0019252984212552945,0.0019252984212552945,0.0,0.0019252984212552945,0.0030804774740084712,0.0030804774740084712,0.0,0.0030804774740084712,0.0011551790527531767,0.0011551790527531767,0.0,0.0011551790527531767,5,9,19,30,11,0,0,0,0,0,0,0,0,0,0,0,0,0,0,0,0,0,0,0,0,0,0,0,0,1.0,1.0,0,0,0,1.0,0,0,0,0,0,0,0,0,0,0,0,0,0,0,0,0,0,0,0,0,0,0,0,0,0,0,0,0,0,0,0,0,0,0,0,0,0,0,0,0,0,0,0,0,0,0,0,0,0,0,0,0,0,0,0,0,0,0,0,0,0,0,0,0,1,0.0627857883230398,0.11104538024853637,0.4056390622295664,0.16864503330850694,0.2789132044729528,0.25241568966839023,0.9605278493513334,0.46096404744368114,123,73,0,25,20,0.0,0.0,-0.0,0.0,0.19809702943426505,0.20400276959957078,0.6258145836939114,0.30524643175724026,8,7,1,0,0,subcli.vexo3nar.surf,False,subcli.vexo3nar.surf,GET,True,True,True,True,True,True,True,True,True,False,True,False,False,True,False,True,True,False,False,True,True,True,True,True,False,False,False,False,False,True,False,True
1,NPM,dependency-health-service-4.0.1,703,199,0.0015475085112968121,0.0015475085112968121,0.0,0.0015475085112968121,0.002940266171463943,0.002940266171463943,0.0,0.002940266171463943,0.0010832559579077685,0.0010832559579077685,0.0,0.0010832559579077685,8,9,23,30,11,0,0,0,0,0,0,0,0,0,0,0,0,0,0,0,0,0,0,0,0,0,0,0,0,1.0,1.0,0,0,0,1.0,0,0,0,0,0,0,0,0,0,0,0,0,0,0,0,0,0,0,0,0,0,0,0,0,0,0,0,0,0,0,0,0,0,0,0,0,0,0,0,0,0,0,0,0,0,0,0,0,0,0,0,0,0,0,0,0,0,0,0,0,0,0,0,0,1,0.07157605720532884,0.11753586949121557,0.4056390622295664,0.16864503330850694,0.2799815885499143,0.2532883895636708,0.9605278493513334,0.46275041154117746,134,105,0,42,19,0.0,0.0,-0.0,0.0,0.1836706162395336,0.19314686697022973,0.6258145836939114,0.2717822215997982,8,7,1,0,0,echo-sync.sorix7en.surf,False,echo-sync.sorix7en.surf,GET,True,True,True,True,True,True,True,True,True,False,True,False,False,False,False,True,True,True,False,True,True,True,True,True,True,True,True,True,True,True,True,True
1,NPM,npm-audit-cache-agent-2.0.1,660,185,0.0016980811682798438,0.0016980811682798438,0.0,0.0016980811682798438,0.003226354219731703,0.003226354219731703,0.0,0.003226354219731703,0.0010188487009679063,0.0010188487009679063,0.0,0.0010188487009679063,7,9,20,30,11,0,0,0,0,0,0,0,0,0,0,0,0,0,0,0,0,0,0,0,0,0,0,0,0,1.0,1.0,0,0,0,1.0,0,0,0,0,0,0,0,0,0,0,0,0,0,0,0,0,0,0,0,0,0,0,0,0,0,0,0,0,0,0,0,0,0,0,0,0,0,0,0,0,0,0,0,0,0,0,0,0,0,0,0,0,0,0,0,0,0,0,0,0,0,0,0,0,1,0.07067983380560312,0.1166314015378951,0.4056390622295664,0.16864503330850694,0.2879234943497951,0.2606452485605168,0.9605278493513334,0.5,130,92,0,34,19,0.0,0.0,-0.0,0.0,0.19966392132196115,0.20301513254755205,0.6258145836939114,0.3232870575257644,8,7,1,0,0,geo-tru3.sorix7en.surf,False,geo-tru3.sorix7en.surf,GET,True,True,True,True,True,True,True,True,True,False,True,False,False,False,False,True,True,False,False,True,True,True,True,True,True,False,False,False,False,True,False,True
1,NPM,secure-build-watcher-3.0.1,697,199,0.0015770383220312253,0.0015770383220312253,0.0,0.0015770383220312253,0.002996372811859328,0.002996372811859328,0.0,0.002996372811859328,0.0011039268254218577,0.0011039268254218577,0.0,0.0011039268254218577,8,9,23,30,11,1,0,0,0,0,0,0,0,0,0,0,0,0,0,0,0,0,0,0,0,0,0,0,0,1.0,1.0,0,0,0,1.0,0,0,0,0,0,0,0,0,0,0,0,0,0,0,0,0,0,0,0,0,0,0,0,0,0,0,0,0,0,0,0,0,0,0,0,0,0,0,0,0,0,0,0,0,0,0,0,0,0,0,0,0,0,0,0,0,0,0,0,0,0,0,0,0,1,0.07157605720532884,0.11753586949121557,0.4056390622295664,0.16864503330850694,0.2811087670354276,0.25543832680558065,0.9605278493513334,0.4933450584926221,134,105,0,39,19,0.0,0.0,-0.0,0.0,0.19412468138473812,0.1998326039076761,0.6258145836939114,0.30524643175724026,8,7,1,0,0,bitkit.vexo3nar.surf,False,bitkit.vexo3nar.surf,GET,True,True,True,True,True,True,True,True,True,False,True,False,False,False,False,True,True,True,False,True,True,True,True,True,True,True,True,False,False,True,True,False
1,NPM,build-cache-validator-2.0.0,237,47,0.0024521824423737125,0.0024521824423737125,0.0,0.0024521824423737125,0.004168710152035311,0.004168710152035311,0.0,0.004168710152035311,0.0014713094654242277,0.0014713094654242277,0.0,0.0014713094654242277,3,3,14,29,11,0,0,0,0,0,0,0,0,0,0,0,0,0,0,0,0,0,0,0,0,0,0,0,0,1.0,1.0,0,0,0,1.0,0,0,0,0,0,0,0,0,0,0,0,0,0,0,0,0,0,0,0,0,0,0,0,0,0,0,0,0,0,0,0,0,0,0,0,0,0,0,0,0,0,0,0,0,0,0,0,0,0,0,0,0,0,0,0,0,0,0,0,0,0,0,0,0,1,0.07047375725416498,0.11906315707029161,0.4056390622295664,0.16864503330850694,0.2691115371975202,0.24427393674620085,0.9605278493513334,0.4591479170272448,124,50,0,13,7,0.0,0.0,-0.0,0.0,0.16665532918398504,0.17377855523098862,0.4854752972273343,0.2717822215997982,8,7,1,0,0,geo-tru3.sorix7en.surf,False,geo-tru3.sorix7en.surf,POST,True,True,True,True,True,True,True,True,True,False,True,False,False,False,False,True,True,False,False,True,True,True,True,True,True,False,False,False,False,True,False,True
1,NPM,cloud-session-monitor-1.1.0,268,47,0.0022055580061755625,0.0022055580061755625,0.0,0.0022055580061755625,0.0037494486104984563,0.0037494486104984563,0.0,0.0037494486104984563,0.0015438906043228936,0.0015438906043228936,0.0,0.0015438906043228936,3,3,17,29,11,0,0,0,0,0,0,0,0,0,0,0,0,0,0,0,0,0,0,0,0,0,0,0,0,1.0,1.0,0,0,0,1.0,0,0,0,0,0,0,0,0,0,0,0,0,0,0,0,0,0,0,0,0,0,0,0,0,0,0,0,0,0,0,0,0,0,0,0,0,0,0,0,0,0,0,0,0,0,0,0,0,0,0,0,0,0,0,0,0,0,0,0,0,0,0,0,0,1,0.0714330199533544,0.11992438181609144,0.4056390622295664,0.17288781581148965,0.26252799438328056,0.24025832478297643,0.9605278493513334,0.43291784422840635,128,63,0,16,7,0.0,0.0,-0.0,0.0,0.15591225670873082,0.16153512593299962,0.4854752972273343,0.2717822215997982,8,7,1,0,0,echo-sync.sorix7en.surf,False,echo-sync.sorix7en.surf,POST,True,True,True,True,True,True,True,True,True,False,True,False,False,False,False,True,True,True,False,True,True,True,True,True,True,True,True,True,True,True,True,True
1,NPM,dependency-update-agent-3.0.0,265,47,0.002205071664829107,0.002205071664829107,0.0,0.002205071664829107,0.0037486218302094816,0.0037486218302094816,0.0,0.0037486218302094816,0.0015435501653803748,0.0015435501653803748,0.0,0.0015435501653803748,3,3,17,29,11,1,0,0,0,0,0,0,0,0,0,0,0,0,0,0,0,0,0,0,0,0,0,0,0,1.0,1.0,0,0,0,1.0,0,0,0,0,0,0,0,0,0,0,0,0,0,0,0,0,0,0,0,0,0,0,0,0,0,0,0,0,0,0,0,0,0,0,0,0,0,0,0,0,0,0,0,0,0,0,0,0,0,0,0,0,0,0,0,0,0,0,0,0,0,0,0,0,1,0.0714330199533544,0.11992438181609144,0.4056390622295664,0.17288781581148965,0.261348921960212,0.23980146065755523,0.9605278493513334,0.43291784422840635,128,63,0,16,7,0.0,0.0,-0.0,0.0,0.1639197900110887,0.1708056454771265,0.4854752972273343,0.2717822215997982,8,7,1,0,0,bitkit.vexo3nar.surf,False,bitkit.vexo3nar.surf,POST,True,True,True,True,True,True,True,True,True,False,True,False,False,False,False,True,True,True,False,True,True,True,True,True,True,True,True,False,False,True,True,False
1,NPM,runtime-metrics-sync-1.0.0,198,39,0.0028208744710860366,0.0028208744710860366,0.0,0.0028208744710860366,0.004513399153737658,0.004513399153737658,0.0,0.004513399153737658,0.001692524682651622,0.001692524682651622,0.0,0.001692524682651622,2,3,13,29,11,0,0,0,0,0,0,0,0,0,0,0,0,0,0,0,0,0,0,0,0,0,0,0,0,1.0,1.0,0,0,0,1.0,0,0,0,0,0,0,0,0,0,0,0,0,0,0,0,0,0,0,0,0,0,0,0,0,0,0,0,0,0,0,0,0,0,0,0,0,0,0,0,0,0,0,0,0,0,0,0,0,0,0,0,0,0,0,0,0,0,0,0,0,0,0,0,0,1,0.06277453300212862,0.11304919370639975,0.4056390622295664,-0.0,0.2538187138778584,0.23004109083079274,0.9605278493513334,0.418599673256441,119,42,0,9,7,0.0,0.0,-0.0,0.0,0.16903368691173423,0.17693586135782913,0.4854752972273343,0.2717822215997982,8,7,1,0,0,subcli.vexo3nar.surf,False,subcli.vexo3nar.surf,POST,True,True,True,True,True,True,True,True,True,False,True,False,False,False,False,True,True,False,False,True,True,True,True,True,False,False,False,False,False,True,False,True
1,NPM,system-health-optimizer-4.0.0,197,39,0.0028628685943315204,0.0028628685943315204,0.0,0.0028628685943315204,0.004580589750930432,0.004580589750930432,0.0,0.004580589750930432,0.0017177211565989122,0.0017177211565989122,0.0,0.0017177211565989122,2,3,7,29,11,0,0,0,0,0,0,0,0,0,0,0,0,0,0,0,0,0,0,0,0,0,0,0,0,1.0,1.0,0,0,0,1.0,0,0,0,0,0,0,0,0,0,0,0,0,0,0,0,0,0,0,0,0,0,0,0,0,0,0,0,0,0,0,0,0,0,0,0,0,0,0,0,0,0,0,0,0,0,0,0,0,0,0,0,0,0,0,0,0,0,0,0,0,0,0,0,0,1,0.06277453300212862,0.11304919370639975,0.4056390622295664,-0.0,0.24362890114785474,0.2362809921123573,0.9605278493513334,0.4315602842833155,119,42,0,9,7,0.0,0.0,-0.0,0.0,0.16748704699760059,0.17628747138058093,0.4854752972273343,0.2717822215997982,8,7,1,0,0,vorvaleon3.sorix7en.surf,False,vorvaleon3.sorix7en.surf,POST,True,True,True,True,True,True,True,True,True,False,True,False,False,False,False,True,True,False,False,True,True,True,True,True,False,False,False,False,False,True,False,False
1,NPM,config-sync-manager-1.0.0,252,45,0.0021810250817884407,0.0021810250817884407,0.0,0.0021810250817884407,0.003707742639040349,0.003707742639040349,0.0,0.003707742639040349,0.0015267175572519084,0.0015267175572519084,0.0,0.0015267175572519084,3,3,17,14,2,0,0,1,0,0,0,0,0,0,0,0,0,0,0,0,0,0,0,0,0,0,0,0,0,1.0,1.0,0,0,0,1.0,0,0,0,0,0,0,0,0,0,0,0,0,0,0,0,0,0,0,0,0,0,0,0,0,0,0,0,0,0,0,0,0,0,0,0,0,0,0,0,0,0,0,0,0,0,0,0,0,0,0,0,0,0,0,0,0,0,0,0,0,0,0,0,0,1,0.0714330199533544,0.11992438181609144,0.4056390622295664,0.17288781581148965,0.2633882419140111,0.2413330763174739,0.9605278493513334,0.4379042554515957,128,65,0,17,6,0.0,0.0,-0.0,0.0,0.08998616975660115,0.14815235905485896,0.4854752972273343,0.20739893145421004,8,17,1,0,0,alig9-trail.1dorelax.surf,False,alig9-trail.1dorelax.surf,POST,True,True,True,True,True,True,True,True,True,False,True,False,False,False,False,True,True,True,False,True,True,True,True,True,True,True,True,True,True,True,True,True
1,NPM,event-logger-pro-2.1.0,229,44,0.002380952380952381,0.002380952380952381,0.0,0.002380952380952381,0.004047619047619047,0.004047619047619047,0.0,0.004047619047619047,0.0016666666666666668,0.0016666666666666668,0.0,0.0016666666666666668,3,3,16,10,2,0,0,1,0,0,0,0,0,0,0,0,0,0,0,0,0,0,0,0,0,0,0,0,0,1.0,1.0,0,0,0,1.0,0,0,0,0,0,0,0,0,0,0,0,0,0,0,0,0,0,0,0,0,0,0,0,0,0,0,0,0,0,0,0,0,0,0,0,0,0,0,0,0,0,0,0,0,0,0,0,0,0,0,0,0,0,0,0,0,0,0,0,0,0,0,0,0,1,0.07267174284271893,0.1205870373340455,0.4056390622295664,0.18561616332043782,0.2730492869734788,0.24272338732841992,0.9605278493513334,0.4537056925706976,125,52,0,13,6,0.0,0.0,-0.0,-0.0,0.10476221708202181,0.15585896591791712,0.4854752972273343,0.2717822215997982,7,14,1,0,0,pr1rn-frame.1dorelax.surf,False,pr1rn-frame.1dorelax.surf,POST,True,True,True,True,True,True,True,True,True,False,True,False,False,False,False,True,True,True,False,True,True,True,True,True,True,True,True,True,True,True,False,False
1,NPM,api-health-checker-1.5.0,196,33,0.002835270768358378,0.002835270768358378,0.0,0.002835270768358378,0.004819960306209243,0.004819960306209243,0.0,0.004819960306209243,0.001701162461015027,0.001701162461015027,0.0,0.001701162461015027,2,3,13,10,2,0,0,1,0,0,0,0,0,0,0,0,0,0,0,0,0,0,0,0,0,0,0,0,0,1.0,1.0,0,0,0,1.0,0,0,0,0,0,0,0,0,0,0,0,0,0,0,0,0,0,0,0,0,0,0,0,0,0,0,0,0,0,0,0,0,0,0,0,0,0,0,0,0,0,0,0,0,0,0,0,0,0,0,0,0,0,0,0,0,0,0,0,0,0,0,0,0,1,0.06899239576232771,0.11779154333571301,0.4056390622295664,0.16864503330850694,0.26404722315401535,0.23440601796302477,0.9605278493513334,0.44527106646832093,121,38,0,8,6,0.0,0.0,-0.0,-0.0,0.093949765683746,0.1545951340136892,0.4854752972273343,0.25162916738782287,7,15,1,0,0,crystalreef.vexon3ar.surf,False,crystalreef.vexon3ar.surf,POST,True,True,True,True,True,True,True,True,True,False,True,False,False,False,False,True,False,False,False,True,True,True,True,True,True,True,True,False,False,True,False,False
1,NPM,cache-warmup-tool-3.2.0,179,32,0.0031545741324921135,0.0031545741324921135,0.0,0.0031545741324921135,0.005362776025236593,0.005362776025236593,0.0,0.005362776025236593,0.0018927444794952682,0.0018927444794952682,0.0,0.0018927444794952682,1,3,8,8,2,0,0,1,0,0,0,0,0,0,0,0,0,0,0,0,0,0,0,0,0,0,0,0,0,1.0,1.0,0,0,0,1.0,0,0,0,0,0,0,0,0,0,0,0,0,0,0,0,0,0,0,0,0,0,0,0,0,0,0,0,0,0,0,0,0,0,0,0,0,0,0,0,0,0,0,0,0,0,0,0,0,0,0,0,0,0,0,0,0,0,0,0,0,0,0,0,0,0,0.06983892822566916,0.11826229446148251,0.4056390622295664,0.16864503330850694,0.25319886203111736,0.2427864992915003,0.9605278493513334,0.4361028669493309,119,33,0,6,6,0.0,0.0,-0.0,0.0,0.09407351452941416,0.15453084877430598,0.4854752972273343,0.2197484934607567,5,12,1,0,0,plskl.pavlore9.surf,False,plskl.pavlore9.surf,GET,True,True,True,True,True,True,True,True,True,False,True,False,False,False,False,True,False,False,False,True,True,True,True,True,True,True,False,False,False,True,False,False
1,NPM,request-retry-handler-1.2.0,164,30,0.002170767004341534,0.002170767004341534,0.0,0.002170767004341534,0.005788712011577424,0.005788712011577424,0.0,0.005788712011577424,0.002170767004341534,0.002170767004341534,0.0,0.002170767004341534,1,3,6,8,2,0,0,1,0,0,0,0,0,0,0,0,0,0,0,0,0,0,0,0,0,0,0,0,0,1.0,1.0,0,0,0,1.0,0,0,0,0,0,0,0,0,0,0,0,0,0,0,0,0,0,0,0,0,0,0,0,0,0,0,0,0,0,0,0,0,0,0,0,0,0,0,0,0,0,0,0,0,0,0,0,0,0,0,0,0,0,0,0,0,0,0,0,0,0,0,0,0,0,0.06565064355419943,0.11475242549432847,0.4056390622295664,0.16864503330850694,0.2537406833537912,0.2543791743494431,0.9605278493513334,0.4545223001742702,106,27,0,6,6,0.0,0.0,-0.0,0.0,0.07081554011066833,0.13806511196777174,0.4854752972273343,0.0,5,13,1,0,0,metalt.3zavlore.surf,False,metalt.3zavlore.surf,GET,True,True,True,True,True,True,True,True,True,False,True,False,False,False,False,True,False,False,False,True,True,True,True,True,False,False,False,False,False,True,False,False
1,NPM,env-config-loader-4.0.0,185,33,0.002901073397156948,0.002901073397156948,0.0,0.002901073397156948,0.004931824775166811,0.004931824775166811,0.0,0.004931824775166811,0.0017406440382941688,0.0017406440382941688,0.0,0.0017406440382941688,3,3,10,6,2,0,0,1,0,0,0,0,0,0,0,0,0,0,0,0,0,0,0,0,0,0,0,0,0,1.0,1.0,0,0,0,1.0,0,0,0,0,0,0,0,0,0,0,0,0,0,0,0,0,0,0,0,0,0,0,0,0,0,0,0,0,0,0,0,0,0,0,0,0,0,0,0,0,0,0,0,0,0,0,0,0,0,0,0,0,0,0,0,0,0,0,0,0,0,0,0,0,0,0.07217192007956655,0.11997944371266324,0.4056390622295664,0.1813733808174551,0.2732171418725657,0.2433777406840691,0.9605278493513334,0.4591479170272448,120,33,0,8,6,0.0,0.0,-0.0,0.0,0.12066011694376699,0.16463640487313289,0.4854752972273343,0.26390532085130236,5,10,1,0,0,a1ig-vector.vexon3ar.surf,False,a1ig-vector.vexon3ar.surf,POST,True,True,True,True,True,True,True,True,True,False,True,False,False,False,False,True,False,False,False,True,True,True,True,True,True,True,True,False,False,True,False,False
1,NPM,string-formatter-util-1.0.0,179,33,0.001923816852635629,0.001923816852635629,0.0,0.001923816852635629,0.00461716044632551,0.00461716044632551,0.0,0.00461716044632551,0.0007695267410542517,0.0007695267410542517,0.0,0.0007695267410542517,1,2,5,5,2,0,0,1,0,0,0,0,0,0,0,0,0,0,0,0,0,0,0,0,0,0,0,0,0,1.0,1.0,0,0,0,1.0,0,0,0,0,0,0,0,0,0,0,0,0,0,0,0,0,0,0,0,0,0,0,0,0,0,0,0,0,0,0,0,0,0,0,0,0,0,0,0,0,0,0,0,0,0,0,0,0,0,0,0,0,0,0,0,0,0,0,0,0,0,0,0,0,0,0.06865365553022776,0.1148737866209919,0.3420192178195208,0.16864503330850694,0.27312416712936766,0.2686475461977529,0.9605278493513334,0.5,82,21,0,5,5,0.0,0.0,-0.0,0.0,0.09350906423177013,0.15680595951670656,0.4854752972273343,0.1701436271951043,5,10,1,0,0,rnoon-panel.qeniral8.surf,False,rnoon-panel.qeniral8.surf,GET,True,True,True,True,True,True,True,True,True,False,True,False,False,False,False,True,False,False,False,True,False,True,True,True,False,False,False,False,False,True,False,False
1,NPM,url-shortener-helper-1.3.0,192,35,0.0014550745725718443,0.0014550745725718443,0.0,0.0014550745725718443,0.004728992360858494,0.004728992360858494,0.0,0.004728992360858494,0.0007275372862859222,0.0007275372862859222,0.0,0.0007275372862859222,1,3,4,6,2,0,0,1,0,0,0,0,0,0,0,0,0,0,0,0,0,0,0,0,0,0,0,0,0,1.0,1.0,0,0,0,1.0,0,0,0,0,0,0,0,0,0,0,0,0,0,0,0,0,0,0,0,0,0,0,0,0,0,0,0,0,0,0,0,0,0,0,0,0,0,0,0,0,0,0,0,0,0,0,0,0,0,0,0,0,0,0,0,0,0,0,0,0,0,0,0,0,0,0.07724322430807963,0.1233278761668445,0.4056390622295664,0.18561616332043782,0.283054209443954,0.2556782507778037,0.9605278493513334,0.4926140680171258,85,20,0,6,8,0.0,0.0,-0.0,0.0,0.06611702104145153,0.14117817343727862,0.4854752972273343,-0.0,5,12,1,0,0,cpu-pro.mav2terol.surf,False,cpu-pro.mav2terol.surf,GET,True,True,True,True,True,True,True,True,True,False,True,False,False,False,False,True,False,False,False,True,False,True,True,True,False,False,False,False,False,True,False,False
1,NPM,data-pipeline-utils-3.0.0,189,35,0.002977076510866329,0.002977076510866329,0.0,0.002977076510866329,0.00506103006847276,0.00506103006847276,0.0,0.00506103006847276,0.0017862459065197975,0.0017862459065197975,0.0,0.0017862459065197975,2,3,8,7,2,0,0,1,0,0,0,0,0,0,0,0,0,0,0,0,0,0,0,0,0,0,0,0,0,1.0,1.0,0,0,0,1.0,0,0,0,0,0,0,0,0,0,0,0,0,0,0,0,0,0,0,0,0,0,0,0,0,0,0,0,0,0,0,0,0,0,0,0,0,0,0,0,0,0,0,0,0,0,0,0,0,0,0,0,0,0,0,0,0,0,0,0,0,0,0,0,0,0,0.06983892822566916,0.11826229446148251,0.4056390622295664,0.16864503330850694,0.26494629209714365,0.23800009111912307,0.9605278493513334,0.4545223001742702,119,33,0,7,6,0.0,0.0,-0.0,0.0,0.12340606664550399,0.1739903295569125,0.4854752972273343,0.2717822215997982,5,11,1,0,0,dbinst.3zavlore.surf,False,dbinst.3zavlore.surf,POST,True,True,True,True,True,True,True,True,True,False,True,False,False,False,False,True,False,False,False,True,True,True,True,True,True,True,True,False,False,True,False,False
1,NPM,task-queue-processor-2.3.0,247,50,0.0023105360443622922,0.0023105360443622922,0.0,0.0023105360443622922,0.003927911275415897,0.003927911275415897,0.0,0.003927911275415897,0.0016173752310536045,0.0016173752310536045,0.0,0.0016173752310536045,3,3,16,13,2,0,0,1,0,0,0,0,0,0,0,0,0,0,0,0,0,0,0,0,0,0,0,0,0,1.0,1.0,0,0,0,1.0,0,0,0,0,0,0,0,0,0,0,0,0,0,0,0,0,0,0,0,0,0,0,0,0,0,0,0,0,0,0,0,0,0,0,0,0,0,0,0,0,0,0,0,0,0,0,0,0,0,0,0,0,0,0,0,0,0,0,0,0,0,0,0,0,1,0.07184120863880214,0.1201445572112159,0.4056390622295664,0.17713059831447237,0.2591725716871676,0.24698514282118275,0.9605278493513334,0.44989668332129557,127,63,0,15,6,0.0,0.0,-0.0,-0.0,0.08650888535669202,0.14623800965086908,0.4854752972273343,0.20690842515181687,7,18,1,0,0,mod-bus.xam1riel.surf,False,mod-bus.xam1riel.surf,POST,True,True,True,True,True,True,True,True,True,False,True,False,False,False,False,True,True,True,False,True,True,True,True,True,True,True,True,True,True,True,False,False
1,NPM,service-discovery-client-1.0.0,276,52,0.0020132876988121604,0.0020132876988121604,0.0,0.0020132876988121604,0.0034225890879806724,0.0034225890879806724,0.0,0.0034225890879806724,0.0014093013891685123,0.0014093013891685123,0.0,0.0014093013891685123,4,3,20,14,2,0,0,1,0,0,0,0,0,0,0,0,0,0,0,0,0,0,0,0,0,0,0,0,0,1.0,1.0,0,0,0,1.0,0,0,0,0,0,0,0,0,0,0,0,0,0,0,0,0,0,0,0,0,0,0,0,0,0,0,0,0,0,0,0,0,0,0,0,0,0,0,0,0,0,0,0,0,0,0,0,0,0,0,0,0,0,0,0,0,0,0,0,0,0,0,0,0,1,0.07196177565144453,0.12058851167017094,0.4056390622295664,0.17713059831447237,0.2579521116940662,0.2438310841316057,0.9605278493513334,0.4522431890522669,133,77,0,19,6,0.0,0.0,-0.0,0.0,0.08896386509476986,0.14714020871299346,0.4854752972273343,0.20690842515181687,8,17,1,0,0,ioflow.pavl9ore.surf,False,ioflow.pavl9ore.surf,POST,True,True,True,True,True,True,True,True,True,True,True,False,False,False,False,True,True,True,False,True,True,True,True,True,True,True,True,True,True,True,True,True
1,NPM,webpack-bundle-optimizer-1.0.0,274,48,0.0019688915140775743,0.0019688915140775743,0.0,0.0019688915140775743,0.0033471155739318763,0.0033471155739318763,0.0,0.0033471155739318763,0.001378224059854302,0.001378224059854302,0.0,0.001378224059854302,4,3,20,16,2,0,0,1,0,0,0,0,0,0,0,0,0,0,0,0,0,0,0,0,0,0,0,0,0,1.0,1.0,0,0,0,1.0,0,0,0,0,0,0,0,0,0,0,0,0,0,0,0,0,0,0,0,0,0,0,0,0,0,0,0,0,0,0,0,0,0,0,0,0,0,0,0,0,0,0,0,0,0,0,0,0,0,0,0,0,0,0,0,0,0,0,0,0,0,0,0,0,1,0.07196177565144453,0.12058851167017094,0.4056390622295664,0.17713059831447237,0.2604630739217798,0.24225338237663208,0.9605278493513334,0.4573502944858487,133,75,0,19,6,0.0,0.0,-0.0,0.0,0.08461563687394069,0.1460314732923981,0.4854752972273343,0.15518131886386266,8,19,1,0,0,hyper-cr4te.1dorelax.surf,False,hyper-cr4te.1dorelax.surf,POST,True,True,True,True,True,True,True,True,True,True,True,False,False,False,False,True,True,True,False,True,True,True,True,True,True,True,True,True,True,True,True,True
1,NPM,token-validator-lib-2.0.0,274,48,0.0020016012810248197,0.0020016012810248197,0.0,0.0020016012810248197,0.0034027221777421937,0.0034027221777421937,0.0,0.0034027221777421937,0.0014011208967173738,0.0014011208967173738,0.0,0.0014011208967173738,4,3,20,15,2,0,0,1,0,0,0,0,0,0,0,0,0,0,0,0,0,0,0,0,0,0,0,0,0,1.0,1.0,0,0,0,1.0,0,0,0,0,0,0,0,0,0,0,0,0,0,0,0,0,0,0,0,0,0,0,0,0,0,0,0,0,0,0,0,0,0,0,0,0,0,0,0,0,0,0,0,0,0,0,0,0,0,0,0,0,0,0,0,0,0,0,0,0,0,0,0,0,1,0.07196177565144453,0.12058851167017094,0.4056390622295664,0.17713059831447237,0.26242301779651134,0.2428621100914186,0.9605278493513334,0.4486434658489479,133,75,0,19,6,0.0,0.0,-0.0,0.0,0.07856185169375199,0.14540318823526555,0.4854752972273343,0.0,8,19,1,0,0,task-id.pavl9ore.surf,False,task-id.pavl9ore.surf,POST,True,True,True,True,True,True,True,True,True,True,True,False,False,False,False,True,True,True,False,True,True,True,True,True,True,True,True,True,True,True,True,True
1,NPM,session-store-redis-1.3.0,231,45,0.0023730422401518746,0.0023730422401518746,0.0,0.0023730422401518746,0.004034171808258187,0.004034171808258187,0.0,0.004034171808258187,0.0016611295681063123,0.0016611295681063123,0.0,0.0016611295681063123,3,3,16,12,2,0,0,1,0,0,0,0,0,0,0,0,0,0,0,0,0,0,0,0,0,0,0,0,0,1.0,1.0,0,0,0,1.0,0,0,0,0,0,0,0,0,0,0,0,0,0,0,0,0,0,0,0,0,0,0,0,0,0,0,0,0,0,0,0,0,0,0,0,0,0,0,0,0,0,0,0,0,0,0,0,0,0,0,0,0,0,0,0,0,0,0,0,0,0,0,0,0,1,0.07267174284271893,0.1205870373340455,0.4056390622295664,0.18561616332043782,0.2710478772479694,0.24195778638123952,0.9605278493513334,0.44527106646832093,125,53,0,13,6,0.0,0.0,-0.0,-0.0,0.11117613440801974,0.1633595905190799,0.4854752972273343,0.2717822215997982,7,16,1,0,0,dom-reg.xam1riel.surf,False,dom-reg.xam1riel.surf,POST,True,True,True,True,True,True,True,True,True,False,True,False,False,False,False,True,True,True,False,True,True,True,True,True,True,True,True,True,True,True,False,False
1,NPM,jwt-decode-helper-1.0.0,274,49,0.002068680182043856,0.002068680182043856,0.0,0.002068680182043856,0.003516756309474555,0.003516756309474555,0.0,0.003516756309474555,0.0014480761274306992,0.0014480761274306992,0.0,0.0014480761274306992,4,3,20,15,2,0,0,1,0,0,0,0,0,0,0,0,0,0,0,0,0,0,0,0,0,0,0,0,0,1.0,1.0,0,0,0,1.0,0,0,0,0,0,0,0,0,0,0,0,0,0,0,0,0,0,0,0,0,0,0,0,0,0,0,0,0,0,0,0,0,0,0,0,0,0,0,0,0,0,0,0,0,0,0,0,0,0,0,0,0,0,0,0,0,0,0,0,0,0,0,0,0,1,0.07196177565144453,0.12058851167017094,0.4056390622295664,0.17713059831447237,0.26148407108408206,0.24521183188233311,0.9605278493513334,0.4522431890522669,133,77,0,19,6,0.0,0.0,-0.0,0.0,0.07930382396957253,0.14628368566336636,0.4854752972273343,0.0,8,19,1,0,0,iigbclf.1dorelax.surf,False,iigbclf.1dorelax.surf,POST,True,True,True,True,True,True,True,True,True,True,True,False,False,False,False,True,True,True,False,True,True,True,True,True,True,True,True,True,True,True,True,True
1,NPM,analytics-tracker-sdk-1.0.0,273,48,0.002131287297527707,0.002131287297527707,0.0,0.002131287297527707,0.0036231884057971015,0.0036231884057971015,0.0,0.0036231884057971015,0.0014919011082693947,0.0014919011082693947,0.0,0.0014919011082693947,3,3,19,17,2,0,0,1,0,0,0,0,0,0,0,0,0,0,0,0,0,0,0,0,0,0,0,0,0,1.0,1.0,0,0,0,1.0,0,0,0,0,0,0,0,0,0,0,0,0,0,0,0,0,0,0,0,0,0,0,0,0,0,0,0,0,0,0,0,0,0,0,0,0,0,0,0,0,0,0,0,0,0,0,0,0,0,0,0,0,0,0,0,0,0,0,0,0,0,0,0,0,1,0.07023581850162221,0.11926821480350801,0.4056390622295664,0.16864503330850694,0.2554436862950772,0.24480339803559586,0.9605278493513334,0.4591479170272448,131,77,0,19,6,0.0,0.0,-0.0,0.0,0.08147419440563475,0.14395059905444346,0.4854752972273343,0.1134290847967362,8,20,1,0,0,refid-1.pavl9ore.surf,False,refid-1.pavl9ore.surf,POST,True,True,True,True,True,True,True,True,True,False,True,False,False,False,False,True,True,True,False,True,True,True,True,True,True,True,True,True,True,True,True,True
1,NPM,image-resize-toolkit-3.1.0,166,33,0.0008116883116883117,0.0008116883116883117,0.0,0.0008116883116883117,0.005275974025974026,0.005275974025974026,0.0,0.005275974025974026,0.0008116883116883117,0.0008116883116883117,0.0,0.0008116883116883117,1,3,4,5,2,0,0,1,0,0,0,0,0,0,0,0,0,0,0,0,0,0,0,0,0,0,0,0,0,1.0,1.0,0,0,0,1.0,0,0,0,0,0,0,0,0,0,0,0,0,0,0,0,0,0,0,0,0,0,0,0,0,0,0,0,0,0,0,0,0,0,0,0,0,0,0,0,0,0,0,0,0,0,0,0,0,0,0,0,0,0,0,0,0,0,0,0,0,0,0,0,0,0,0.0784034566714639,0.12408106699782685,0.4056390622295664,0.18561616332043782,0.276353984717923,0.23888377169009797,0.792481250360578,0.4926140680171258,81,18,0,5,8,0.0,0.0,-0.0,0.0,0.09662281164753245,0.16127451136288257,0.4854752972273343,0.17587334759598044,5,10,1,0,0,top-svc.mav2terol.surf,False,top-svc.mav2terol.surf,GET,True,True,True,True,True,True,True,True,True,False,True,False,False,False,False,True,False,False,False,True,False,True,True,True,False,False,False,False,False,True,False,False
1,NPM,json-diff-util-1.1.0,144,30,0.0009629272989889263,0.0009629272989889263,0.0,0.0009629272989889263,0.005777563793933558,0.005777563793933558,0.0,0.005777563793933558,0.00048146364949446316,0.00048146364949446316,0.0,0.00048146364949446316,0,2,1,6,2,0,0,1,0,0,0,0,0,0,0,0,0,0,0,0,0,0,0,0,0,0,0,0,0,1.0,1.0,0,0,0,1.0,0,0,0,0,0,0,0,0,0,0,0,0,0,0,0,0,0,0,0,0,0,0,0,0,0,0,0,0,0,0,0,0,0,0,0,0,0,0,0,0,0,0,0,0,0,0,0,0,0,0,0,0,0,0,0,0,0,0,0,0,0,0,0,0,0,0.06455807668194274,0.11559265207805733,0.4056390622295664,0.08432251665425347,0.19524025396013833,0.23015763889071952,0.7916131370339918,0.3772254836400815,77,13,0,3,5,0.0,0.0,-0.0,0.0,0.07020626054121974,0.14677357258416765,0.4854752972273343,-0.0,5,12,1,0,0,anchocav.7lorexan.surf,False,anchocav.7lorexan.surf,GET,True,True,True,True,True,True,True,True,True,False,False,True,True,False,False,True,False,False,False,True,False,True,True,True,False,False,False,False,False,True,False,False
1,NPM,dom-selector-helper-2.2.0,166,32,0.0008126777732629012,0.0008126777732629012,0.0,0.0008126777732629012,0.005282405526208858,0.005282405526208858,0.0,0.005282405526208858,0.0008126777732629012,0.0008126777732629012,0.0,0.0008126777732629012,1,3,4,6,2,0,0,1,0,0,0,0,0,0,0,0,0,0,0,0,0,0,0,0,0,0,0,0,0,1.0,1.0,0,0,0,1.0,0,0,0,0,0,0,0,0,0,0,0,0,0,0,0,0,0,0,0,0,0,0,0,0,0,0,0,0,0,0,0,0,0,0,0,0,0,0,0,0,0,0,0,0,0,0,0,0,0,0,0,0,0,0,0,0,0,0,0,0,0,0,0,0,0,0.0784034566714639,0.12408106699782685,0.4056390622295664,0.18561616332043782,0.27835495997732596,0.24009371500496038,0.792481250360578,0.4926140680171258,81,18,0,5,8,0.0,0.0,-0.0,0.0,0.06666585994667261,0.14184611956042364,0.4854752972273343,-0.0,5,12,1,0,0,mi5t-cache.2zavlore.surf,False,mi5t-cache.2zavlore.surf,GET,True,True,True,True,True,True,True,True,True,False,True,False,False,False,False,True,False,False,False,True,False,True,True,True,False,False,False,False,False,True,False,False
1,NPM,health-check-monitor-1.3.0,189,34,0.0029385836027034967,0.0029385836027034967,0.0,0.0029385836027034967,0.004995592124595945,0.004995592124595945,0.0,0.004995592124595945,0.001763150161622098,0.001763150161622098,0.0,0.001763150161622098,2,3,12,7,2,0,0,1,0,0,0,0,0,0,0,0,0,0,0,0,0,0,0,0,0,0,0,0,0,1.0,1.0,0,0,0,1.0,0,0,0,0,0,0,0,0,0,0,0,0,0,0,0,0,0,0,0,0,0,0,0,0,0,0,0,0,0,0,0,0,0,0,0,0,0,0,0,0,0,0,0,0,0,0,0,0,0,0,0,0,0,0,0,0,0,0,0,0,0,0,0,0,0,0.06983892822566916,0.11826229446148251,0.4056390622295664,0.16864503330850694,0.267237552015568,0.23584441296832326,0.9605278493513334,0.44527106646832093,119,33,0,7,6,0.0,0.0,-0.0,0.0,0.11646281626216759,0.1648519970691658,0.4854752972273343,0.2717822215997982,5,11,1,0,0,zipark.torex6lin.surf,False,zipark.torex6lin.surf,POST,True,True,True,True,True,True,True,True,True,False,True,False,False,False,False,True,False,False,False,True,True,True,True,True,True,True,True,False,False,True,True,False
1,NPM,webpack-dev-utils-2.0.0,273,48,0.0021463833440652502,0.0021463833440652502,0.0,0.0021463833440652502,0.003648851684910925,0.003648851684910925,0.0,0.003648851684910925,0.0015024683408456751,0.0015024683408456751,0.0,0.0015024683408456751,3,3,19,14,2,0,0,1,0,0,0,0,0,0,0,0,0,0,0,0,0,0,0,0,0,0,0,0,0,1.0,1.0,0,0,0,1.0,0,0,0,0,0,0,0,0,0,0,0,0,0,0,0,0,0,0,0,0,0,0,0,0,0,0,0,0,0,0,0,0,0,0,0,0,0,0,0,0,0,0,0,0,0,0,0,0,0,0,0,0,0,0,0,0,0,0,0,0,0,0,0,0,1,0.07023581850162221,0.11926821480350801,0.4056390622295664,0.16864503330850694,0.2569876706096095,0.24528302687119752,0.9605278493513334,0.4561091021979071,131,77,0,19,6,0.0,0.0,-0.0,0.0,0.09493466618876988,0.15321788932898048,0.4854752972273343,0.26390532085130236,8,17,1,0,0,pwr-log.xam1riel.surf,False,pwr-log.xam1riel.surf,POST,True,True,True,True,True,True,True,True,True,False,True,False,False,False,False,True,True,True,False,True,True,True,True,True,True,True,True,True,True,True,True,True
1,NPM,template-engine-lite-1.4.0,160,31,0.0008200082000820008,0.0008200082000820008,0.0,0.0008200082000820008,0.005330053300533005,0.005330053300533005,0.0,0.005330053300533005,0.0008200082000820008,0.0008200082000820008,0.0,0.0008200082000820008,1,3,4,6,2,0,0,1,0,0,0,0,0,0,0,0,0,0,0,0,0,0,0,0,0,0,0,0,0,1.0,1.0,0,0,0,1.0,0,0,0,0,0,0,0,0,0,0,0,0,0,0,0,0,0,0,0,0,0,0,0,0,0,0,0,0,0,0,0,0,0,0,0,0,0,0,0,0,0,0,0,0,0,0,0,0,0,0,0,0,0,0,0,0,0,0,0,0,0,0,0,0,0,0.0784034566714639,0.12408106699782685,0.4056390622295664,0.18561616332043782,0.27801065527669194,0.24012316386578658,0.792481250360578,0.4926140680171258,81,18,0,5,8,0.0,0.0,-0.0,0.0,0.09541682016955243,0.14709505182811664,0.4854752972273343,0.2197484934607567,5,10,1,0,0,7m5mdmsm.qeniral8.surf,False,7m5mdmsm.qeniral8.surf,GET,True,True,True,True,True,True,True,True,True,False,True,False,False,False,False,True,False,False,False,True,False,True,True,True,False,False,False,False,False,True,False,False
1,NPM,socket-io-adapter-2.1.0,189,34,0.002961208172934557,0.002961208172934557,0.0,0.002961208172934557,0.005034053893988748,0.005034053893988748,0.0,0.005034053893988748,0.0017767249037607344,0.0017767249037607344,0.0,0.0017767249037607344,2,3,12,7,2,0,0,1,0,0,0,0,0,0,0,0,0,0,0,0,0,0,0,0,0,0,0,0,0,1.0,1.0,0,0,0,1.0,0,0,0,0,0,0,0,0,0,0,0,0,0,0,0,0,0,0,0,0,0,0,0,0,0,0,0,0,0,0,0,0,0,0,0,0,0,0,0,0,0,0,0,0,0,0,0,0,0,0,0,0,0,0,0,0,0,0,0,0,0,0,0,0,0,0.06983892822566916,0.11826229446148251,0.4056390622295664,0.16864503330850694,0.26958182600125646,0.23700563798822255,0.9605278493513334,0.44527106646832093,119,33,0,7,6,0.0,0.0,-0.0,0.0,0.14039031971860066,0.2086384003082451,0.6758220575766961,0.2717822215997982,5,11,1,1,0,cmdset.3zavlore.surf,False,cmdset.3zavlore.surf,POST,True,True,True,True,True,True,True,True,True,False,True,False,False,False,False,True,False,False,False,True,True,True,True,True,True,True,True,False,False,True,True,False
1,NPM,stream-processor-core-1.0.0,196,37,0.0029437739181630853,0.0029437739181630853,0.0,0.0029437739181630853,0.005004415660877244,0.005004415660877244,0.0,0.005004415660877244,0.001766264350897851,0.001766264350897851,0.0,0.001766264350897851,2,3,8,7,2,0,0,1,0,0,0,0,0,0,0,0,0,0,0,0,0,0,0,0,0,0,0,0,0,1.0,1.0,0,0,0,1.0,0,0,0,0,0,0,0,0,0,0,0,0,0,0,0,0,0,0,0,0,0,0,0,0,0,0,0,0,0,0,0,0,0,0,0,0,0,0,0,0,0,0,0,0,0,0,0,0,0,0,0,0,0,0,0,0,0,0,0,0,0,0,0,0,0,0.06983892822566916,0.11826229446148251,0.4056390622295664,0.16864503330850694,0.2633829406405299,0.2372848636049352,0.9605278493513334,0.4545223001742702,119,33,0,7,6,0.0,0.0,-0.0,0.0,0.12247240718788727,0.1733890589136963,0.4854752972273343,0.2717822215997982,5,11,1,0,0,ftpsrv.torex6lin.surf,False,ftpsrv.torex6lin.surf,POST,True,True,True,True,True,True,True,True,True,False,True,False,False,False,False,True,False,False,False,True,True,True,True,True,True,True,True,False,False,True,False,False
1,NPM,event-bus-emitter-2.0.0,187,36,0.0025948751216347712,0.0025948751216347712,0.0,0.0025948751216347712,0.004865390853065196,0.004865390853065196,0.0,0.004865390853065196,0.001621796951021732,0.001621796951021732,0.0,0.001621796951021732,2,3,8,9,2,0,0,1,0,0,0,0,0,0,0,0,0,0,0,0,0,0,0,0,0,0,0,0,0,1.0,1.0,0,0,0,1.0,0,0,0,0,0,0,0,0,0,0,0,0,0,0,0,0,0,0,0,0,0,0,0,0,0,0,0,0,0,0,0,0,0,0,0,0,0,0,0,0,0,0,0,0,0,0,0,0,0,0,0,0,0,0,0,0,0,0,0,0,0,0,0,0,0,0.06793408365983783,0.11610353866184925,0.4056390622295664,0.16864503330850694,0.2585218895855264,0.2304318991305915,0.792481250360578,0.4361028669493309,107,31,0,6,8,0.0,0.0,-0.0,0.0,0.10904091710964191,0.16586635183935958,0.4854752972273343,0.2665309544341343,5,13,1,0,0,sslkey.qeni8ral.surf,False,sslkey.qeni8ral.surf,POST,True,True,True,True,True,True,True,True,True,False,True,False,False,False,False,True,False,False,False,True,True,True,True,True,False,False,False,False,False,True,False,False
1,NPM,promise-chain-utils-1.2.0,153,31,0.0008291873963515755,0.0008291873963515755,0.0,0.0008291873963515755,0.00538971807628524,0.00538971807628524,0.0,0.00538971807628524,0.0008291873963515755,0.0008291873963515755,0.0,0.0008291873963515755,1,3,4,7,2,1,0,1,0,0,0,0,0,0,0,0,0,0,0,0,0,0,0,0,0,0,0,0,0,1.0,1.0,0,0,0,1.0,0,0,0,0,0,0,0,0,0,0,0,0,0,0,0,0,0,0,0,0,0,0,0,0,0,0,0,0,0,0,0,0,0,0,0,0,0,0,0,0,0,0,0,0,0,0,0,0,0,0,0,0,0,0,0,0,0,0,0,0,0,0,0,0,0,0.0784034566714639,0.12408106699782685,0.4056390622295664,0.18561616332043782,0.27723287707077116,0.23932135034710394,0.792481250360578,0.4926140680171258,81,18,0,5,8,0.0,0.0,-0.0,0.0,0.08098901803070331,0.14812189032923237,0.4854752972273343,0.06068259509323917,5,12,1,0,0,balance4-array.mav3torel.surf,False,balance4-array.mav3torel.surf,GET,True,True,True,True,True,True,True,True,True,False,True,False,False,False,False,True,False,False,False,True,False,True,True,True,False,False,False,False,False,True,False,False
1,NPM,mime-type-checker-1.0.0,152,28,0.0009132420091324201,0.0009132420091324201,0.0,0.0009132420091324201,0.005936073059360731,0.005936073059360731,0.0,0.005936073059360731,0.00045662100456621003,0.00045662100456621003,0.0,0.00045662100456621003,1,2,4,6,2,0,0,1,0,0,0,0,0,0,0,0,0,0,0,0,0,0,0,0,0,0,0,0,0,1.0,1.0,0,0,0,1.0,0,0,0,0,0,0,0,0,0,0,0,0,0,0,0,0,0,0,0,0,0,0,0,0,0,0,0,0,0,0,0,0,0,0,0,0,0,0,0,0,0,0,0,0,0,0,0,0,0,0,0,0,0,0,0,0,0,0,0,0,0,0,0,0,0,0.07216759854629097,0.121329696724582,0.4056390622295664,0.16864503330850694,0.2630054208605848,0.2554068029266551,0.792481250360578,0.49815351700428145,78,18,0,3,5,0.0,0.0,-0.0,0.0,0.06790248040637352,0.1434474845822752,0.4854752972273343,-0.0,5,12,1,0,0,max-videos.site,False,max-videos.site,GET,True,True,True,True,True,True,True,True,True,False,True,False,False,False,False,True,False,False,False,True,False,True,True,True,False,False,False,False,False,True,False,False
1,NPM,telemetry-agent-core-1.0.0,281,54,0.0019383601473153711,0.0019383601473153711,0.0,0.0019383601473153711,0.004458228338825354,0.004458228338825354,0.0,0.004458228338825354,0.0013568521031207597,0.0013568521031207597,0.0,0.0013568521031207597,4,3,20,16,2,0,0,1,0,0,0,0,0,0,0,0,0,0,0,0,0,0,0,0,0,0,0,0,0,1.0,1.0,0,0,0,1.0,0,0,0,0,0,0,0,0,0,0,0,0,0,0,0,0,0,0,0,0,0,0,0,0,0,0,0,0,0,0,0,0,0,0,0,0,0,0,0,0,0,0,0,0,0,0,0,0,0,0,0,0,0,0,0,0,0,0,0,0,0,0,0,0,1,0.09072175241396271,0.13460705003731707,0.5,0.2344977967946406,0.2725116546473104,0.24011649231633095,0.9605278493513334,0.4591479170272448,145,62,0,15,6,0.0,0.0,-0.0,0.0,0.09082510657673269,0.15553707455802135,0.4854752972273343,0.17587334759598044,8,19,1,0,0,pr1rn-frame.1dorelax.surf,False,pr1rn-frame.1dorelax.surf,POST,True,True,True,True,True,True,True,True,True,True,True,False,False,False,False,True,True,True,False,True,True,True,True,True,True,True,True,True,True,True,True,True
1,NPM,auth-token-refresher-2.0.0,256,51,0.00224870699347875,0.00224870699347875,0.0,0.00224870699347875,0.0044974139869575,0.0044974139869575,0.0,0.0044974139869575,0.0015740948954351248,0.0015740948954351248,0.0,0.0015740948954351248,3,3,16,12,2,0,0,1,0,0,0,0,0,0,0,0,0,0,0,0,0,0,0,0,0,0,0,0,0,1.0,1.0,0,0,0,1.0,0,0,0,0,0,0,0,0,0,0,0,0,0,0,0,0,0,0,0,0,0,0,0,0,0,0,0,0,0,0,0,0,0,0,0,0,0,0,0,0,0,0,0,0,0,0,0,0,0,0,0,0,0,0,0,0,0,0,0,0,0,0,0,0,1,0.07984905821144872,0.12520072883724545,0.4056390622295664,0.20534078555963103,0.26492079059846063,0.24445903391246016,0.9605278493513334,0.4591479170272448,134,56,0,13,6,0.0,0.0,-0.0,-0.0,0.08922624467024672,0.1475217619234115,0.4854752972273343,0.19783657168898852,7,17,1,0,0,uykfqn.pavlore9.surf,False,uykfqn.pavlore9.surf,POST,True,True,True,True,True,True,True,True,True,False,True,False,False,False,False,True,True,True,False,True,True,True,True,True,True,True,True,False,False,True,False,False
1,NPM,dependency-graph-util-3.1.0,192,38,0.002425712553062462,0.002425712553062462,0.0,0.002425712553062462,0.004851425106124924,0.004851425106124924,0.0,0.004851425106124924,0.0015160703456640388,0.0015160703456640388,0.0,0.0015160703456640388,2,3,8,7,2,0,0,1,0,0,0,0,0,0,0,0,0,0,0,0,0,0,0,0,0,0,0,0,0,1.0,1.0,0,0,0,1.0,0,0,0,0,0,0,0,0,0,0,0,0,0,0,0,0,0,0,0,0,0,0,0,0,0,0,0,0,0,0,0,0,0,0,0,0,0,0,0,0,0,0,0,0,0,0,0,0,0,0,0,0,0,0,0,0,0,0,0,0,0,0,0,0,0,0.0739204240310654,0.12042269840366089,0.4056390622295664,0.18561616332043782,0.25813848792464006,0.2253371931008585,0.792481250360578,0.4383741582823386,110,31,0,6,8,0.0,0.0,-0.0,0.0,0.11240527392700927,0.1611954329432765,0.4854752972273343,0.2344977967946406,5,11,1,0,0,sprucevale.torex5lin.surf,False,sprucevale.torex5lin.surf,POST,True,True,True,True,True,True,True,True,True,False,True,False,False,False,False,True,False,False,False,True,True,True,True,True,False,False,False,False,False,True,False,False
1,NPM,credential-vault-sync-2.0.0,253,50,0.0023207240659085635,0.0023207240659085635,0.0,0.0023207240659085635,0.003945230912044558,0.003945230912044558,0.0,0.003945230912044558,0.0018565792527268509,0.0018565792527268509,0.0,0.0018565792527268509,3,3,18,12,2,0,0,1,0,0,0,0,0,0,0,0,0,0,0,0,0,0,0,0,0,0,0,0,0,1.0,1.0,0,0,0,1.0,0,0,0,0,0,0,0,0,0,0,0,0,0,0,0,0,0,0,0,0,0,0,0,0,0,0,0,0,0,0,0,0,0,0,0,0,0,0,0,0,0,0,0,0,0,0,0,0,0,0,0,0,0,0,0,0,0,0,0,0,0,0,0,0,1,0.07286273113169431,0.12056248645026017,0.4056390622295664,0.18561616332043782,0.2608475295760158,0.2455595382289825,0.9605278493513334,0.4591479170272448,127,61,0,17,6,0.0,0.0,-0.0,-0.0,0.09094466159828983,0.14886861449539168,0.4854752972273343,0.22876807639376445,7,17,1,0,0,uykfqn.pavlore9.surf,False,uykfqn.pavlore9.surf,POST,True,True,True,True,True,True,True,True,True,False,True,False,False,False,True,True,True,True,False,True,True,True,True,True,True,True,True,False,False,True,False,False

1,NPM,secret-store-client-2.0.0,243,49,0.002346866932644919,0.002346866932644919,0.0,0.002346866932644919,0.003989673785496362,0.003989673785496362,0.0,0.003989673785496362,0.0018774935461159353,0.0018774935461159353,0.0,0.0018774935461159353,3,3,18,16,2,0,0,1,0,0,0,0,0,0,0,0,0,0,0,0,0,0,0,0,0,0,0,0,0,1.0,1.0,0,0,0,1.0,0,0,0,0,0,0,0,0,0,0,0,0,0,0,0,0,0,0,0,0,0,0,0,0,0,0,0,0,0,0,0,0,0,0,0,0,0,0,0,0,0,0,0,0,0,0,0,0,0,0,0,0,0,0,0,0,0,0,0,0,0,0,0,0,1,0.07286273113169431,0.12056248645026017,0.4056390622295664,0.18561616332043782,0.26518483714214147,0.24995164089108887,0.9605278493513334,0.4591479170272448,127,61,0,19,6,0.0,0.0,-0.0,-0.0,0.12942130651601055,0.16591979614975932,0.4854752972273343,0.29583638929116374,7,17,1,0,0,crystalreef.vexon3ar.surf,False,crystalreef.vexon3ar.surf,POST,True,True,True,True,True,True,True,True,True,False,True,False,False,False,True,True,True,True,False,True,True,True,True,True,True,True,True,False,False,True,False,False
1,NPM,heartbeat-checker-1.5.0,179,33,0.0013708019191226869,0.0013708019191226869,0.0,0.0013708019191226869,0.004455106237148732,0.004455106237148732,0.0,0.004455106237148732,0.001028101439342015,0.001028101439342015,0.0,0.001028101439342015,3,4,9,6,2,0,0,1,0,0,0,0,0,0,0,0,0,0,0,0,0,0,0,0,0,0,0,0,0,1.0,1.0,0,0,0,1.0,0,0,0,0,0,0,0,0,0,0,0,0,0,0,0,0,0,0,0,0,0,0,0,0,0,0,0,0,0,0,0,0,0,0,0,0,0,0,0,0,0,0,0,0,0,0,0,0,0,0,0,0,0,0,0,0,0,0,0,0,0,0,0,0,0,0.0775135265236029,0.1227022676981363,0.4056390622295664,0.18561616332043782,0.29681932831877894,0.2628975566040462,0.9605278493513334,0.5,88,33,0,13,9,0.0,0.0,-0.0,0.0,0.0809648258377997,0.14714720015674077,0.4854752972273343,0.08068923972434958,5,11,1,0,0,wvdaavfk.2zavlore.surf,False,wvdaavfk.2zavlore.surf,GET,True,True,True,True,True,True,True,True,True,False,True,False,False,False,True,True,False,False,False,True,False,True,True,True,False,False,False,False,False,True,False,False
1,NPM,event-schema-validator-1.0.0,194,35,0.0014301036825169824,0.0014301036825169824,0.0,0.0014301036825169824,0.004647836968180193,0.004647836968180193,0.0,0.004647836968180193,0.0007150518412584912,0.0007150518412584912,0.0,0.0007150518412584912,3,3,9,7,2,0,0,1,0,0,0,0,0,0,0,0,0,0,0,0,0,0,0,0,0,0,0,0,0,1.0,1.0,0,0,0,1.0,0,0,0,0,0,0,0,0,0,0,0,0,0,0,0,0,0,0,0,0,0,0,0,0,0,0,0,0,0,0,0,0,0,0,0,0,0,0,0,0,0,0,0,0,0,0,0,0,0,0,0,0,0,0,0,0,0,0,0,0,0,0,0,0,0,0.07174579670409811,0.12002872677922126,0.4056390622295664,0.16864503330850694,0.29323550550682476,0.27182239583747114,0.9605278493513334,0.5,85,31,0,10,6,0.0,0.0,-0.0,0.0,0.08362312873322314,0.15334826408675845,0.4854752972273343,0.054937123365189175,5,12,1,0,0,none,False,none,GET,False,True,True,True,True,True,True,True,True,False,True,False,False,False,True,True,False,False,False,True,False,True,True,True,False,False,False,False,False,True,False,False
1,NPM,log-stream-handler-1.5.0,195,37,0.0013554727211114877,0.0013554727211114877,0.0,0.0013554727211114877,0.004405286343612335,0.004405286343612335,0.0,0.004405286343612335,0.0010166045408336157,0.0010166045408336157,0.0,0.0010166045408336157,3,4,9,6,2,0,0,1,0,0,0,0,0,0,0,0,0,0,0,0,0,0,0,0,0,0,0,0,0,1.0,1.0,0,0,0,1.0,0,0,0,0,0,0,0,0,0,0,0,0,0,0,0,0,0,0,0,0,0,0,0,0,0,0,0,0,0,0,0,0,0,0,0,0,0,0,0,0,0,0,0,0,0,0,0,0,0,0,0,0,0,0,0,0,0,0,0,0,0,0,0,0,0,0.0775135265236029,0.1227022676981363,0.4056390622295664,0.18561616332043782,0.3043249547202977,0.26273939696997756,0.9605278493513334,0.5,88,31,0,13,9,0.0,0.0,-0.0,0.0,0.09786897354948002,0.17127187899788743,0.4854752972273343,0.12581458369391144,5,11,1,0,0,srvlog.5lorexin.surf,False,srvlog.5lorexin.surf,POST,True,True,True,True,True,True,True,True,True,False,True,False,False,False,True,True,False,False,False,True,False,True,True,True,False,False,False,False,False,True,False,False
1,NPM,package-meta-reader-1.0.0,175,31,0.0014625228519195613,0.0014625228519195613,0.0,0.0014625228519195613,0.004753199268738574,0.004753199268738574,0.0,0.004753199268738574,0.0007312614259597807,0.0007312614259597807,0.0,0.0007312614259597807,3,3,9,6,2,0,0,1,0,0,0,0,0,0,0,0,0,0,0,0,0,0,0,0,0,0,0,0,0,1.0,1.0,0,0,0,1.0,0,0,0,0,0,0,0,0,0,0,0,0,0,0,0,0,0,0,0,0,0,0,0,0,0,0,0,0,0,0,0,0,0,0,0,0,0,0,0,0,0,0,0,0,0,0,0,0,0,0,0,0,0,0,0,0,0,0,0,0,0,0,0,0,0,0.07174579670409811,0.12002872677922126,0.4056390622295664,0.16864503330850694,0.29175212639806797,0.27396117740525555,0.9605278493513334,0.5,85,33,0,10,6,0.0,0.0,-0.0,0.0,0.06666585994667261,0.14184611956042364,0.4854752972273343,-0.0,5,12,1,0,0,none,False,none,GET,False,True,True,True,True,True,True,True,True,False,True,False,False,False,True,True,False,False,False,True,False,True,True,True,False,False,False,False,False,True,False,False
1,NPM,config-diff-checker-1.5.0,187,35,0.001392757660167131,0.001392757660167131,0.0,0.001392757660167131,0.004874651810584958,0.004874651810584958,0.0,0.004874651810584958,0.001392757660167131,0.001392757660167131,0.0,0.001392757660167131,2,3,7,6,2,0,0,1,0,0,0,0,0,0,0,0,0,0,0,0,0,0,0,0,0,0,0,0,0,1.0,1.0,0,0,0,1.0,0,0,0,0,0,0,0,0,0,0,0,0,0,0,0,0,0,0,0,0,0,0,0,0,0,0,0,0,0,0,0,0,0,0,0,0,0,0,0,0,0,0,0,0,0,0,0,0,0,0,0,0,0,0,0,0,0,0,0,0,0,0,0,0,0,0.07440356053229037,0.12172906186468165,0.4056390622295664,0.18561616332043782,0.2831662026735948,0.24994958066974185,0.9605278493513334,0.4926140680171258,92,26,0,11,6,0.0,0.0,-0.0,0.0,0.0797073120676478,0.14409231423322102,0.4854752972273343,0.09781089090731392,5,11,1,0,0,netapi.5lorexin.surf,False,netapi.5lorexin.surf,POST,True,True,True,True,True,True,True,True,True,False,True,False,False,False,True,True,False,False,False,True,False,True,True,True,True,False,False,False,False,True,False,False
1,NPM,process-monitor-util-3.0.0,207,40,0.0028208744710860366,0.0028208744710860366,0.0,0.0028208744710860366,0.004795486600846262,0.004795486600846262,0.0,0.004795486600846262,0.0019746121297602257,0.0019746121297602257,0.0,0.0019746121297602257,2,3,11,7,2,0,0,1,0,0,0,0,0,0,0,0,0,0,0,0,0,0,0,0,0,0,0,0,0,1.0,1.0,0,0,0,1.0,0,0,0,0,0,0,0,0,0,0,0,0,0,0,0,0,0,0,0,0,0,0,0,0,0,0,0,0,0,0,0,0,0,0,0,0,0,0,0,0,0,0,0,0,0,0,0,0,0,0,0,0,0,0,0,0,0,0,0,0,0,0,0,0,0,0.07009261727814395,0.11828353511786563,0.4056390622295664,0.16864503330850694,0.25953793311739304,0.23860880657905467,0.9605278493513334,0.4591479170272448,121,39,0,11,6,0.0,0.0,-0.0,0.0,0.11817898223469779,0.1668501549080001,0.4854752972273343,0.2717822215997982,5,11,1,0,0,n3ur4-route.torex5lin.surf,False,n3ur4-route.torex5lin.surf,POST,True,True,True,True,True,True,True,True,True,False,True,False,False,False,True,True,False,False,False,True,True,True,True,True,True,True,False,False,False,True,False,False
1,NPM,build-hash-verifier-1.0.0,187,33,0.0014603870025556773,0.0014603870025556773,0.0,0.0014603870025556773,0.00511135450894487,0.00511135450894487,0.0,0.00511135450894487,0.001095290251916758,0.001095290251916758,0.0,0.001095290251916758,2,3,7,7,2,0,0,1,0,0,0,0,0,0,0,0,0,0,0,0,0,0,0,0,0,0,0,0,0,1.0,1.0,0,0,0,1.0,0,0,0,0,0,0,0,0,0,0,0,0,0,0,0,0,0,0,0,0,0,0,0,0,0,0,0,0,0,0,0,0,0,0,0,0,0,0,0,0,0,0,0,0,0,0,0,0,0,0,0,0,0,0,0,0,0,0,0,0,0,0,0,0,0,0.06953258312373368,0.11886012171397704,0.4056390622295664,0.16864503330850694,0.27407790391921105,0.2606916411102806,0.9605278493513334,0.49776901495955556,89,26,0,9,6,0.0,0.0,-0.0,0.0,0.08505949666523564,0.15471809722272373,0.4854752972273343,0.06068259509323917,5,12,1,0,0,none,False,none,POST,False,True,True,True,True,True,True,True,True,False,True,False,False,False,True,True,False,False,False,True,False,True,True,True,True,False,False,False,False,True,False,False
1,NPM,session-hijack-detector-2.0.0,243,49,0.0023369946249123625,0.0023369946249123625,0.0,0.0023369946249123625,0.003972890862351017,0.003972890862351017,0.0,0.003972890862351017,0.0018695956999298902,0.0018695956999298902,0.0,0.0018695956999298902,3,3,18,12,2,0,0,1,0,0,0,0,0,0,0,0,0,0,0,0,0,0,0,0,0,0,0,0,0,1.0,1.0,0,0,0,1.0,0,0,0,0,0,0,0,0,0,0,0,0,0,0,0,0,0,0,0,0,0,0,0,0,0,0,0,0,0,0,0,0,0,0,0,0,0,0,0,0,0,0,0,0,0,0,0,0,0,0,0,0,0,0,0,0,0,0,0,0,0,0,0,0,1,0.07286273113169431,0.12056248645026017,0.4056390622295664,0.18561616332043782,0.2592576452184539,0.24490884464577292,0.9605278493513334,0.4591479170272448,127,61,0,17,6,0.0,0.0,-0.0,-0.0,0.09292777624004496,0.15132972039854528,0.4854752972273343,0.22778130177425387,7,17,1,0,0,uidmap.torex6lin.surf,False,uidmap.torex6lin.surf,POST,True,True,True,True,True,True,True,True,True,False,True,False,False,False,True,True,True,True,False,True,True,True,True,True,True,True,True,False,False,True,False,False
1,NPM,data-exfil-guard-1.0.0,270,51,0.0021065936380872128,0.0021065936380872128,0.0,0.0021065936380872128,0.003581209184748262,0.003581209184748262,0.0,0.003581209184748262,0.0018959342742784916,0.0018959342742784916,0.0,0.0018959342742784916,4,3,24,15,2,0,0,1,0,0,0,0,0,0,0,0,0,0,0,0,0,0,0,0,0,0,0,0,0,1.0,1.0,0,0,0,1.0,0,0,0,0,0,0,0,0,0,0,0,0,0,0,0,0,0,0,0,0,0,0,0,0,0,0,0,0,0,0,0,0,0,0,0,0,0,0,0,0,0,0,0,0,0,0,0,0,0,0,0,0,0,0,0,0,0,0,0,0,0,0,0,0,1,0.07390412583237835,0.12136551011013694,0.4056390622295664,0.18561616332043782,0.2647708335259191,0.24388832953964917,0.9605278493513334,0.4591479170272448,133,73,0,23,6,0.0,0.0,-0.0,0.0,0.0959494878320083,0.15902003321731065,0.4854752972273343,0.2717822215997982,8,18,1,0,0,refinspruc.1dorelax.surf,False,refinspruc.1dorelax.surf,POST,True,True,True,True,True,True,True,True,True,True,True,False,False,False,True,True,True,True,False,True,True,True,True,True,True,True,True,True,True,True,True,True
1,NPM,threat-intel-collector-1.0.0,270,51,0.0020635575732562937,0.0020635575732562937,0.0,0.0020635575732562937,0.0035080478745356997,0.0035080478745356997,0.0,0.0035080478745356997,0.0018572018159306646,0.0018572018159306646,0.0,0.0018572018159306646,4,3,24,15,2,0,0,1,0,0,0,0,0,0,0,0,0,0,0,0,0,0,0,0,0,0,0,0,0,1.0,1.0,0,0,0,1.0,0,0,0,0,0,0,0,0,0,0,0,0,0,0,0,0,0,0,0,0,0,0,0,0,0,0,0,0,0,0,0,0,0,0,0,0,0,0,0,0,0,0,0,0,0,0,0,0,0,0,0,0,0,0,0,0,0,0,0,0,0,0,0,0,1,0.07390412583237835,0.12136551011013694,0.4056390622295664,0.18561616332043782,0.2622310327345961,0.2418754327004048,0.9605278493513334,0.4591479170272448,133,73,0,23,6,0.0,0.0,-0.0,0.0,0.09064302465023107,0.15132098259043766,0.4854752972273343,0.2197484934607567,8,18,1,0,0,kelforgeor8.vexon3ar.surf,False,kelforgeor8.vexon3ar.surf,POST,True,True,True,True,True,True,True,True,True,True,True,False,False,False,True,True,True,True,False,True,True,True,True,True,True,True,True,True,True,True,True,True
1,NPM,payload-size-checker-1.0.0,186,33,0.001466275659824047,0.001466275659824047,0.0,0.001466275659824047,0.005131964809384164,0.005131964809384164,0.0,0.005131964809384164,0.0010997067448680353,0.0010997067448680353,0.0,0.0010997067448680353,2,3,7,7,2,0,0,1,0,0,0,0,0,0,0,0,0,0,0,0,0,0,0,0,0,0,0,0,0,1.0,1.0,0,0,0,1.0,0,0,0,0,0,0,0,0,0,0,0,0,0,0,0,0,0,0,0,0,0,0,0,0,0,0,0,0,0,0,0,0,0,0,0,0,0,0,0,0,0,0,0,0,0,0,0,0,0,0,0,0,0,0,0,0,0,0,0,0,0,0,0,0,0,0.06953258312373368,0.11886012171397704,0.4056390622295664,0.16864503330850694,0.27817385500323694,0.2607516967821525,0.9605278493513334,0.49776901495955556,89,26,0,11,6,0.0,0.0,-0.0,0.0,0.06198470722636082,0.13762889277378956,0.4854752972273343,0.0,5,13,1,0,0,sampl-boo.qeniral8.surf,False,sampl-boo.qeniral8.surf,POST,True,True,True,True,True,True,True,True,True,False,True,False,False,False,True,True,False,False,False,True,False,True,True,True,True,False,False,False,False,True,False,False
1,NPM,key-derivation-util-2.0.0,198,36,0.002852253280091272,0.002852253280091272,0.0,0.002852253280091272,0.004848830576155163,0.004848830576155163,0.0,0.004848830576155163,0.0019965772960638907,0.0019965772960638907,0.0,0.0019965772960638907,2,3,11,7,2,0,0,1,0,0,0,0,0,0,0,0,0,0,0,0,0,0,0,0,0,0,0,0,0,1.0,1.0,0,0,0,1.0,0,0,0,0,0,0,0,0,0,0,0,0,0,0,0,0,0,0,0,0,0,0,0,0,0,0,0,0,0,0,0,0,0,0,0,0,0,0,0,0,0,0,0,0,0,0,0,0,0,0,0,0,0,0,0,0,0,0,0,0,0,0,0,0,0,0.07009261727814395,0.11828353511786563,0.4056390622295664,0.16864503330850694,0.2557822191083269,0.23824187644618566,0.9605278493513334,0.4591479170272448,121,41,0,11,6,0.0,0.0,-0.0,0.0,0.14484136939406397,0.19105983040636307,0.5744174271404584,0.2717822215997982,5,10,1,0,0,dyn-lithos.xamir2el.surf,False,dyn-lithos.xamir2el.surf,POST,True,True,True,True,True,True,True,True,True,False,True,False,False,False,True,True,False,False,False,True,True,True,True,True,True,True,False,False,False,True,False,False
1,PyPI,sys-monitor-agent-1.0.0,5,2,0.0,0.0,0.0,0.0,0.023255813953488372,0.023255813953488372,0.0,0.023255813953488372,0.0,0.0,0.0,0.0,0,0,0,360,128,3,3,12,0,0,0,0,0,0,0,0,0,0,0,0,0,0,0,0,0,0,0,0,0,0,0,0,0,0,0,0,0,0,0,2.0,0,0,0,0,0,0,0,0,0,0,0,0,0,0,0,0,0,0,0,0,0,0,0,0,0,0,0,0,0,0,0,0,0,0,0,0,0,0,0,0,0,0,0,0,0,0,0,0,0,0,0,0,0,0,0,0,0,0,0,1,0.4728301523003201,0,0.4728301523003201,0.4728301523003201,0.4854752972273343,0,0.4854752972273343,0.4854752972273343,0,0,0,1,0,0.0456032466012944,0.10565549647507798,0.5,0.0,0.2449626506691061,0.24384046559861175,0.792481250360578,0.4591479170272448,132,52,15,0,0,pwr-log.xam1riel.surf,True,pwr-log.xam1riel.surf,POST,True,True,True,True,True,True,True,True,True,True,False,False,False,False,False,False,False,False,False,True,True,True,True,True,True,True,True,True,True,True,True,True
1,PyPI,cloud-cred-helper-2.0.0,3,1,0.0,0.0,0.0,0.0,0.043478260869565216,0.043478260869565216,0.0,0.043478260869565216,0.0,0.0,0.0,0.0,0,0,0,312,114,3,3,12,0,0,0,0,0,0,0,0,0,0,0,0,0,0,0,0,0,0,0,0,0,0,0,0,0,0,0,0,0,0,0,2.0,0,0,0,0,0,0,0,0,0,0,0,0,0,0,0,0,0,0,0,0,0,0,0,0,0,0,0,0,0,0,0,0,0,0,0,0,0,0,0,0,0,0,0,0,0,0,0,0,0,0,0,0,0,0,0,0,0,0,0,1,0.4728301523003201,0,0.4728301523003201,0.4728301523003201,0.4854752972273343,0,0.4854752972273343,0.4854752972273343,0,0,0,1,0,0.046629138741197486,0.10772037326206056,0.5,-0.0,0.2385014567440259,0.23753435461645836,0.792481250360578,0.4369905240636789,116,45,11,0,0,osbase.3zavlore.surf,True,osbase.3zavlore.surf,POST,True,True,True,True,True,True,True,True,True,True,False,False,False,False,False,False,False,False,False,True,False,False,False,False,False,False,False,False,False,False,False,False
1,PyPI,net-beacon-lib-3.0.0,3,1,0.0,0.0,0.0,0.0,0.043478260869565216,0.043478260869565216,0.0,0.043478260869565216,0.0,0.0,0.0,0.0,0,0,0,267,102,1,3,7,0,0,0,0,0,0,0,0,0,0,0,0,0,0,0,0,0,0,0,0,0,0,0,0,0,0,0,0,0,0,0,2.0,0,0,0,0,0,0,0,0,0,0,0,0,0,0,0,0,0,0,0,0,0,0,0,0,0,0,0,0,0,0,0,0,0,0,0,0,0,0,0,0,0,0,0,0,0,0,0,0,0,0,0,0,0,0,0,0,0,0,0,1,0.4728301523003201,0,0.4728301523003201,0.4728301523003201,0.4854752972273343,0,0.4854752972273343,0.4854752972273343,0,0,0,1,0,0.0385013830799403,0.0937882911597385,0.5,0.0,0.27261515776393114,0.24055599803247418,0.792481250360578,0.4607136526948943,108,28,11,0,0,ops-mgr.mav2terol.surf,True,ops-mgr.mav2terol.surf,GET,True,True,True,True,True,True,True,True,True,False,False,False,False,False,False,False,False,False,False,True,False,False,False,False,False,False,False,False,False,False,False,False
1,PyPI,env-probe-util-1.5.0,3,1,0.0,0.0,0.0,0.0,0.043478260869565216,0.043478260869565216,0.0,0.043478260869565216,0.0,0.0,0.0,0.0,0,0,0,247,90,1,3,5,0,0,0,0,0,0,0,0,0,0,0,0,0,0,0,0,0,0,0,0,0,0,0,0,0,0,0,0,0,0,0,2.0,0,0,0,0,0,0,0,0,0,0,0,0,0,0,0,0,0,0,0,0,0,0,0,0,0,0,0,0,0,0,0,0,0,0,0,0,0,0,0,0,0,0,0,0,0,0,0,0,0,0,0,0,0,0,0,0,0,0,0,1,0.4728301523003201,0,0.4728301523003201,0.4728301523003201,0.4854752972273343,0,0.4854752972273343,0.4854752972273343,0,0,0,1,0,0.041925564784433086,0.09694361903832653,0.5,0.0,0.28358102630949,0.24961584360012107,0.792481250360578,0.4948070394436148,83,22,10,0,0,none,True,none,GET,False,True,True,True,True,True,True,True,True,False,False,False,False,False,False,False,False,False,False,True,False,True,True,True,True,False,False,False,False,True,False,False
1,PyPI,pkg-meta-fetcher-1.0.0,3,1,0.0,0.0,0.0,0.0,0.043478260869565216,0.043478260869565216,0.0,0.043478260869565216,0.0,0.0,0.0,0.0,0,0,0,249,89,1,3,5,0,0,0,0,0,0,0,0,0,0,0,0,0,0,0,0,0,0,0,0,0,0,0,0,0,0,0,0,0,0,0,2.0,0,0,0,0,0,0,0,0,0,0,0,0,0,0,0,0,0,0,0,0,0,0,0,0,0,0,0,0,0,0,0,0,0,0,0,0,0,0,0,0,0,0,0,0,0,0,0,0,0,0,0,0,0,0,0,0,0,0,0,1,0.4728301523003201,0,0.4728301523003201,0.4728301523003201,0.4854752972273343,0,0.4854752972273343,0.4854752972273343,0,0,0,1,0,0.04043571246559126,0.0954387011933502,0.5,-0.0,0.2725974907022379,0.2568143115372951,0.792481250360578,0.49776901495955556,81,23,10,0,0,none,True,none,GET,False,True,True,True,True,True,True,True,True,False,False,False,False,False,False,False,False,False,False,True,False,True,True,True,True,False,False,False,False,True,False,False
1,PyPI,data-stream-processor-1.0.0,204,70,0.0,0.0,0.0,0.0,0.005896430203083686,0.011961722488038277,0.004357352444534324,0.00841788632486307,0.0003831417624521073,0.0022988505747126436,0.0009385018171583058,0.0,0,0,0,339,112,4,3,17,0,0,0,0,0,0,0,0,0,0,0,0,0,0,0,0,0,0,0,0,0,0,0,0,0,0,1.0,0,0,0,0,7.0,0,0,0,0,0,1.0,0,1.0,0,0,0,0,0,0,0,0,0,0,0,0,0,0,1.0,0,0,0,0,0,0,0,0,0,0,0,0,0,0,0,0,0,0,0,0,0,0,0,0,0,0,0,0,0,0,0,0,0,0,0,0,1,0.054349292235142406,0.12275531967190421,0.5,-0.0,0.18966368646593712,0.20791793189605765,0.792481250360578,0.29583638929116374,90,27,0,6,1,0.052154135390663915,0.11050582814888349,0.5,-0.0,0.254932302396063,0.2363410221591455,0.792481250360578,0.4591479170272448,147,58,18,0,0,podcasdeliv.vexon3ar.surf,True,podcasdeliv.vexon3ar.surf,POST,True,True,True,True,True,True,True,True,True,True,False,False,False,False,False,False,False,False,False,True,False,False,False,False,False,False,False,False,False,False,False,False
1,PyPI,secret-scanner-lib-2.1.0,204,70,0.0,0.0,0.0,0.0,0.0060119658811150735,0.012315270935960592,0.004470436835665233,0.008524666459820043,0.00038580246913580245,0.0023148148148148147,0.0009450191908885717,0.0,0,0,0,295,100,4,3,11,0,0,0,0,0,0,0,0,0,0,0,0,0,0,0,0,0,0,0,0,0,0,0,0,0,0,1.0,0,0,0,0,7.0,0,0,0,0,0,1.0,0,1.0,0,0,0,0,0,0,0,0,0,0,0,0,0,0,1.0,0,0,0,0,0,0,0,0,0,0,0,0,0,0,0,0,0,0,0,0,0,0,0,0,0,0,0,0,0,0,0,0,0,0,0,0,1,0.05457245437743385,0.12309078583149627,0.5,-0.0,0.19517952789125248,0.21034715293103926,0.792481250360578,0.3146246119280173,90,27,0,6,1,0.05221158112504278,0.1129337297469362,0.5,0.0,0.25279250742224935,0.23919605140362185,0.792481250360578,0.4591479170272448,128,51,15,0,0,dbinst.3zavlore.surf,True,dbinst.3zavlore.surf,POST,True,True,True,True,True,True,True,True,True,True,False,False,False,False,False,False,False,False,False,True,False,False,False,False,False,False,False,False,False,False,False,False
1,PyPI,proxy-health-checker-3.0.0,204,70,0.0,0.0,0.0,0.0,0.0059393423597410774,0.012077294685990338,0.004395303883077135,0.008460610117236624,0.00038402457757296467,0.002304147465437788,0.0009406642637416199,0.0,0,0,0,256,88,1,3,7,0,0,0,0,0,0,0,0,0,0,0,0,0,0,0,0,0,0,0,0,0,0,0,0,0,0,1.0,0,0,0,0,7.0,0,0,0,0,0,1.0,0,1.0,0,0,0,0,0,0,0,0,0,0,0,0,0,0,1.0,0,0,0,0,0,0,0,0,0,0,0,0,0,0,0,0,0,0,0,0,0,0,0,0,0,0,0,0,0,0,0,0,0,0,0,0,1,0.0544181177054232,0.12285412317445649,0.5,-0.0,0.1927651676899554,0.20982716584844954,0.792481250360578,0.29583638929116374,90,27,0,6,1,0.042808451691697856,0.09468852735404089,0.5,-0.0,0.27350273045016266,0.2394817483530483,0.792481250360578,0.4591479170272448,115,33,14,0,0,open-lat.2zavlore.surf,True,open-lat.2zavlore.surf,GET,True,True,True,True,True,True,True,True,True,False,False,False,False,False,False,False,False,False,False,True,False,False,False,False,False,False,False,False,False,False,False,False
1,PyPI,config-loader-util-1.5.0,204,70,0.0,0.0,0.0,0.0,0.005992877686018448,0.012315270935960592,0.004466508951094775,0.008496034167175107,0.00038580246913580245,0.0023148148148148147,0.0009450191908885717,0.0,0,0,0,230,78,1,3,5,0,0,0,0,0,0,0,0,0,0,0,0,0,0,0,0,0,0,0,0,0,0,0,0,0,0,1.0,0,0,0,0,7.0,0,0,0,0,0,1.0,0,1.0,0,0,0,0,0,0,0,0,0,0,0,0,0,0,1.0,0,0,0,0,0,0,0,0,0,0,0,0,0,0,0,0,0,0,0,0,0,0,0,0,0,0,0,0,0,0,0,0,0,0,0,0,1,0.05457245437743385,0.12309078583149627,0.5,-0.0,0.19665789222417987,0.21188776696457579,0.792481250360578,0.3146246119280173,90,27,0,6,1,0.04346832330192308,0.09464416033530187,0.5,-0.0,0.28416957820510935,0.24630149948914234,0.792481250360578,0.4854752972273343,99,28,14,0,0,r3ba-field.mav3torel.surf,True,r3ba-field.mav3torel.surf,GET,True,True,True,True,True,True,True,True,True,False,False,False,False,False,False,False,False,False,False,False,False,False,False,False,False,False,False,False,False,False,False,False
1,PyPI,event-dispatcher-core-1.0.0,204,70,0.0,0.0,0.0,0.0,0.0058819066658762,0.011961722488038277,0.004354504587310067,0.00839610101905184,0.0003831417624521073,0.0022988505747126436,0.0009385018171583058,0.0,0,0,0,222,76,1,3,5,0,0,0,0,0,0,0,0,0,0,0,0,0,0,0,0,0,0,0,0,0,0,0,0,0,0,1.0,0,0,0,0,7.0,0,0,0,0,0,1.0,0,1.0,0,0,0,0,0,0,0,0,0,0,0,0,0,0,1.0,0,0,0,0,0,0,0,0,0,0,0,0,0,0,0,0,0,0,0,0,0,0,0,0,0,0,0,0,0,0,0,0,0,0,0,0,1,0.054349292235142406,0.12275531967190421,0.5,-0.0,0.18722943108313092,0.20719130323777538,0.792481250360578,0.29583638929116374,90,27,0,5,1,0.04229017953780617,0.0933497818414179,0.5,0.0,0.27491086183637753,0.25076291589666005,0.792481250360578,0.49082937531967796,97,28,13,0,0,none,True,none,GET,False,True,True,True,True,True,True,True,True,False,False,False,False,False,False,False,True,False,False,False,False,False,False,False,False,False,False,False,False,False,False,False
1,PyPI,auth-bypass-detector-1.0.0,194,58,0.0,0.0,0.0,0.0,0.006404343119057743,0.011904761904761904,0.004165603965180586,0.009008570315543436,0.0,0.0,0.0,0.0,0,0,0,487,170,4,3,19,0,0,0,0,0,0,0,0,0,0,0,0,0,0,0,0,0,0,0,0,0,0,0,0,0,0,1.0,0,0,0,0,7.0,0,0,0,0,0,1.0,0,1.0,0,0,0,0,0,0,0,0,0,0,0,0,0,0,1.0,0,0,0,0,0,0,0,0,0,0,0,0,0,0,0,0,0,0,0,0,0,0,0,0,0,0,0,0,0,0,0,0,0,0,0,0,1,0.05400145230262118,0.1296511027950482,0.5,-0.0,0.20797174827622875,0.19736226004210927,0.7295739585136223,0.32501121082417705,105,21,0,5,1,0.057478484991004046,0.11903036666300983,0.5,-0.0,0.2600845047925155,0.23442392884046606,0.792481250360578,0.4536085687863533,161,60,18,0,0,mod-bus.xam1riel.surf,True,mod-bus.xam1riel.surf,GET,True,True,True,True,True,True,True,True,True,True,False,False,False,False,False,False,False,False,False,False,False,False,False,False,False,False,False,False,False,False,False,False
1,PyPI,network-flow-analyzer-2.0.0,194,58,0.0,0.0,0.0,0.0,0.00637525517868788,0.01179245283018868,0.004132669723400966,0.008984619367085877,0.0,0.0,0.0,0.0,10,0,0,401,138,13,3,11,0,0,0,0,0,0,0,0,0,0,0,0,0,0,0,0,0,0,0,0,0,0,0,0,0,0,1.0,0,0,0,0,7.0,0,0,0,0,0,1.0,0,1.0,0,0,0,0,0,0,0,0,0,0,0,0,0,0,1.0,0,0,0,0,0,0,0,0,0,0,0,0,0,0,0,0,0,0,0,0,0,0,0,0,0,0,0,0,0,0,0,0,0,0,0,0,1,0.05394082034070715,0.12956843863515963,0.5,-0.0,0.2052442428751618,0.19576270008417299,0.7295739585136223,0.32501121082417705,105,21,0,5,1,0.059733610843112996,0.12357724327037475,0.5,0.0,0.252598783932506,0.23820429432557372,0.792481250360578,0.4591479170272448,134,53,15,0,0,cmdset.3zavlore.surf,True,cmdset.3zavlore.surf,POST,True,True,True,True,True,True,True,True,True,True,False,False,False,False,False,False,False,False,False,False,False,False,False,False,False,False,False,False,False,False,False,False
1,PyPI,process-snapshot-util-3.1.0,194,58,0.0,0.0,0.0,0.0,0.00637525517868788,0.01179245283018868,0.004132669723400966,0.008984619367085877,0.0,0.0,0.0,0.0,0,0,0,335,114,1,3,7,0,0,0,0,0,0,0,0,0,0,0,0,0,0,0,0,0,0,0,0,0,0,0,0,0,0,1.0,0,0,0,0,7.0,0,0,0,0,0,1.0,0,1.0,0,0,0,0,0,0,0,0,0,0,0,0,0,0,1.0,0,0,0,0,0,0,0,0,0,0,0,0,0,0,0,0,0,0,0,0,0,0,0,0,0,0,0,0,0,0,0,0,0,0,0,0,1,0.05394082034070715,0.12956843863515963,0.5,-0.0,0.2052442428751618,0.19576270008417299,0.7295739585136223,0.32501121082417705,105,21,0,5,1,0.042808451691697856,0.09468852735404089,0.5,-0.0,0.26869205706824206,0.2388828104321051,0.792481250360578,0.4591479170272448,115,34,14,0,0,srvlog.5lorexin.surf,True,srvlog.5lorexin.surf,GET,True,True,True,True,True,True,True,True,True,False,False,False,False,False,False,False,False,False,False,False,False,False,False,False,False,False,False,False,False,False,False,False
